text,label
I feel very stressed today,stress
My work pressure is too much,stress
I can't focus because of stress,stress
Life feels heavy and stressful,stress
Everything feels overwhelming,stress
My heart is racing and I feel anxious,anxiety
I am worried about everything,anxiety
I feel nervous about tomorrow,anxiety
I feel scared and uneasy,anxiety
I am overthinking too much,anxiety
I am motivated to do my best,motivation
I feel inspired to improve myself,motivation
I will practice and get better each day,motivation
I am excited to achieve my goals,motivation
I feel energetic and ready to work,motivation
I feel calm and relaxed,neutral
Today is peaceful and quiet,neutral
Everything feels normal today,neutral
I had a simple and easy day,neutral
I feel okay,neutral